Simulation Frame;Aberta dos Morros//home;Aberta dos Morros//work;Aberta dos Morros//school;Aberta dos Morros//marketplace;Aberta dos Morros//pharmacy;Aberta dos Morros//gas_station;Agronomia//home;Agronomia//work;Agronomia//school;Agronomia//marketplace;Agronomia//pharmacy;Agronomia//gas_station;Anchieta//home;Anchieta//work;Anchieta//school;Anchieta//marketplace;Anchieta//pharmacy;Anchieta//gas_station;Arquipélago//home;Arquipélago//work;Arquipélago//school;Arquipélago//marketplace;Arquipélago//pharmacy;Arquipélago//gas_station;Auxiliadora//home;Auxiliadora//work;Auxiliadora//school;Auxiliadora//marketplace;Auxiliadora//pharmacy;Auxiliadora//gas_station;Azenha//home;Azenha//work;Azenha//school;Azenha//marketplace;Azenha//pharmacy;Azenha//gas_station;Azenha//hospital;Azenha//shopping_mall;Bela Vista//home;Bela Vista//work;Bela Vista//school;Bela Vista//marketplace;Bela Vista//pharmacy;Bela Vista//gas_station;Belém Novo//home;Belém Novo//work;Belém Novo//school;Belém Novo//marketplace;Belém Novo//pharmacy;Belém Novo//gas_station;Belém Velho//home;Belém Velho//work;Belém Velho//school;Belém Velho//marketplace;Belém Velho//pharmacy;Belém Velho//gas_station;Boa Vista//home;Boa Vista//work;Boa Vista//school;Boa Vista//marketplace;Boa Vista//pharmacy;Boa Vista//gas_station;Boa Vista do Sul//home;Boa Vista do Sul//work;Boa Vista do Sul//school;Boa Vista do Sul//marketplace;Boa Vista do Sul//pharmacy;Boa Vista do Sul//gas_station;Bom Fim//home;Bom Fim//work;Bom Fim//school;Bom Fim//marketplace;Bom Fim//pharmacy;Bom Fim//gas_station;Bom Jesus//home;Bom Jesus//work;Bom Jesus//school;Bom Jesus//marketplace;Bom Jesus//pharmacy;Bom Jesus//gas_station;Camaquã//home;Camaquã//work;Camaquã//school;Camaquã//marketplace;Camaquã//pharmacy;Camaquã//gas_station;Campo Novo//home;Campo Novo//work;Campo Novo//school;Campo Novo//marketplace;Campo Novo//pharmacy;Campo Novo//gas_station;Cascata//home;Cascata//work;Cascata//school;Cascata//marketplace;Cascata//pharmacy;Cascata//gas_station;Cavalhada//home;Cavalhada//work;Cavalhada//school;Cavalhada//marketplace;Cavalhada//pharmacy;Cavalhada//gas_station;Cavalhada//shopping_mall;Centro Histórico//home;Centro Histórico//work;Centro Histórico//school;Centro Histórico//marketplace;Centro Histórico//pharmacy;Centro Histórico//gas_station;Centro Histórico//hospital;Centro Histórico//shopping_mall;Chácara das Pedras//home;Chácara das Pedras//work;Chácara das Pedras//school;Chácara das Pedras//marketplace;Chácara das Pedras//pharmacy;Chácara das Pedras//gas_station;Chapéu do Sol//home;Chapéu do Sol//work;Chapéu do Sol//school;Chapéu do Sol//marketplace;Chapéu do Sol//pharmacy;Chapéu do Sol//gas_station;Cidade Baixa//home;Cidade Baixa//work;Cidade Baixa//school;Cidade Baixa//marketplace;Cidade Baixa//pharmacy;Cidade Baixa//gas_station;Cel. Aparício Borges//home;Cel. Aparício Borges//work;Cel. Aparício Borges//school;Cel. Aparício Borges//marketplace;Cel. Aparício Borges//pharmacy;Cel. Aparício Borges//gas_station;Costa e Silva//home;Costa e Silva//work;Costa e Silva//school;Costa e Silva//marketplace;Costa e Silva//pharmacy;Costa e Silva//gas_station;Cristal//home;Cristal//work;Cristal//school;Cristal//marketplace;Cristal//pharmacy;Cristal//gas_station;Cristo Redentor//home;Cristo Redentor//work;Cristo Redentor//school;Cristo Redentor//marketplace;Cristo Redentor//pharmacy;Cristo Redentor//gas_station;Cristo Redentor//hospital;Cristo Redentor//shopping_mall;Espírito Santo//home;Espírito Santo//work;Espírito Santo//school;Espírito Santo//marketplace;Espírito Santo//pharmacy;Espírito Santo//gas_station;Extrema//home;Extrema//work;Extrema//school;Extrema//marketplace;Extrema//pharmacy;Extrema//gas_station;Farrapos//home;Farrapos//work;Farrapos//school;Farrapos//marketplace;Farrapos//pharmacy;Farrapos//gas_station;Farrapos//stadium;Farroupilha//home;Farroupilha//work;Farroupilha//school;Farroupilha//marketplace;Farroupilha//pharmacy;Farroupilha//gas_station;Farroupilha//hospital;Floresta//home;Floresta//work;Floresta//school;Floresta//marketplace;Floresta//pharmacy;Floresta//gas_station;Glória//home;Glória//work;Glória//school;Glória//marketplace;Glória//pharmacy;Glória//gas_station;Glória//hospital;Guarujá//home;Guarujá//work;Guarujá//school;Guarujá//marketplace;Guarujá//pharmacy;Guarujá//gas_station;Higienópolis//home;Higienópolis//work;Higienópolis//school;Higienópolis//marketplace;Higienópolis//pharmacy;Higienópolis//gas_station;Hípica//home;Hípica//work;Hípica//school;Hípica//marketplace;Hípica//pharmacy;Hípica//gas_station;Humaitá//home;Humaitá//work;Humaitá//school;Humaitá//marketplace;Humaitá//pharmacy;Humaitá//gas_station;Independência//home;Independência//work;Independência//school;Independência//marketplace;Independência//pharmacy;Independência//gas_station;Independência//hospital;Independência//shopping_mall;Ipanema//home;Ipanema//work;Ipanema//school;Ipanema//marketplace;Ipanema//pharmacy;Ipanema//gas_station;Jardim Botânico//home;Jardim Botânico//work;Jardim Botânico//school;Jardim Botânico//marketplace;Jardim Botânico//pharmacy;Jardim Botânico//gas_station;Jardim Botânico//hospital;Jardim Botânico//shopping_mall;Jardim Carvalho//home;Jardim Carvalho//work;Jardim Carvalho//school;Jardim Carvalho//marketplace;Jardim Carvalho//pharmacy;Jardim Carvalho//gas_station;Jardim Carvalho//hospital;Jardim do Salso//home;Jardim do Salso//work;Jardim do Salso//school;Jardim do Salso//marketplace;Jardim do Salso//pharmacy;Jardim do Salso//gas_station;Jardim Leopoldina//home;Jardim Leopoldina//work;Jardim Leopoldina//school;Jardim Leopoldina//marketplace;Jardim Leopoldina//pharmacy;Jardim Leopoldina//gas_station;Jardim Europa//home;Jardim Europa//work;Jardim Europa//school;Jardim Europa//marketplace;Jardim Europa//pharmacy;Jardim Europa//gas_station;Jardim Europa//shopping_mall;Jardim Floresta//home;Jardim Floresta//work;Jardim Floresta//school;Jardim Floresta//marketplace;Jardim Floresta//pharmacy;Jardim Floresta//gas_station;Jardim Isabel//home;Jardim Isabel//work;Jardim Isabel//school;Jardim Isabel//marketplace;Jardim Isabel//pharmacy;Jardim Isabel//gas_station;Jardim Itú//home;Jardim Itú//work;Jardim Itú//school;Jardim Itú//marketplace;Jardim Itú//pharmacy;Jardim Itú//gas_station;Jardim Lindóia//home;Jardim Lindóia//work;Jardim Lindóia//school;Jardim Lindóia//marketplace;Jardim Lindóia//pharmacy;Jardim Lindóia//gas_station;Jardim Lindóia//shopping_mall;Jardim Sabará//home;Jardim Sabará//work;Jardim Sabará//school;Jardim Sabará//marketplace;Jardim Sabará//pharmacy;Jardim Sabará//gas_station;Jardim São Pedro//home;Jardim São Pedro//work;Jardim São Pedro//school;Jardim São Pedro//marketplace;Jardim São Pedro//pharmacy;Jardim São Pedro//gas_station;Lageado//home;Lageado//work;Lageado//school;Lageado//marketplace;Lageado//pharmacy;Lageado//gas_station;Lami//home;Lami//work;Lami//school;Lami//marketplace;Lami//pharmacy;Lami//gas_station;Lomba do Pinheiro//home;Lomba do Pinheiro//work;Lomba do Pinheiro//school;Lomba do Pinheiro//marketplace;Lomba do Pinheiro//pharmacy;Lomba do Pinheiro//gas_station;Mário Quintana//home;Mário Quintana//work;Mário Quintana//school;Mário Quintana//marketplace;Mário Quintana//pharmacy;Mário Quintana//gas_station;Medianeira//home;Medianeira//work;Medianeira//school;Medianeira//marketplace;Medianeira//pharmacy;Medianeira//gas_station;Menino Deus//home;Menino Deus//work;Menino Deus//school;Menino Deus//marketplace;Menino Deus//pharmacy;Menino Deus//gas_station;Menino Deus//hospital;Moinhos de Vento//home;Moinhos de Vento//work;Moinhos de Vento//school;Moinhos de Vento//marketplace;Moinhos de Vento//pharmacy;Moinhos de Vento//gas_station;Moinhos de Vento//hospital;Moinhos de Vento//shopping_mall;Mont'Serrat//home;Mont'Serrat//work;Mont'Serrat//school;Mont'Serrat//marketplace;Mont'Serrat//pharmacy;Mont'Serrat//gas_station;Morro Santana//home;Morro Santana//work;Morro Santana//school;Morro Santana//marketplace;Morro Santana//pharmacy;Morro Santana//gas_station;Navegantes//home;Navegantes//work;Navegantes//school;Navegantes//marketplace;Navegantes//pharmacy;Navegantes//gas_station;Navegantes//shopping_mall;Nonoai//home;Nonoai//work;Nonoai//school;Nonoai//marketplace;Nonoai//pharmacy;Nonoai//gas_station;Parque Santa Fé//home;Parque Santa Fé//work;Parque Santa Fé//school;Parque Santa Fé//marketplace;Parque Santa Fé//pharmacy;Parque Santa Fé//gas_station;Partenon//home;Partenon//work;Partenon//school;Partenon//marketplace;Partenon//pharmacy;Partenon//gas_station;Passo D'Areia//home;Passo D'Areia//work;Passo D'Areia//school;Passo D'Areia//marketplace;Passo D'Areia//pharmacy;Passo D'Areia//gas_station;Passo das Pedras//home;Passo das Pedras//work;Passo das Pedras//school;Passo das Pedras//marketplace;Passo das Pedras//pharmacy;Passo das Pedras//gas_station;Pedra Redonda//home;Pedra Redonda//work;Pedra Redonda//school;Pedra Redonda//marketplace;Pedra Redonda//pharmacy;Pedra Redonda//gas_station;Petrópolis//home;Petrópolis//work;Petrópolis//school;Petrópolis//marketplace;Petrópolis//pharmacy;Petrópolis//gas_station;Pitinga//home;Pitinga//work;Pitinga//school;Pitinga//marketplace;Pitinga//pharmacy;Pitinga//gas_station;Ponta Grossa//home;Ponta Grossa//work;Ponta Grossa//school;Ponta Grossa//marketplace;Ponta Grossa//pharmacy;Ponta Grossa//gas_station;Praia de Belas//home;Praia de Belas//work;Praia de Belas//school;Praia de Belas//marketplace;Praia de Belas//pharmacy;Praia de Belas//gas_station;Praia de Belas//stadium;Praia de Belas//shopping_mall;Restinga//home;Restinga//work;Restinga//school;Restinga//marketplace;Restinga//pharmacy;Restinga//gas_station;Restinga//hospital;Rio Branco//home;Rio Branco//work;Rio Branco//school;Rio Branco//marketplace;Rio Branco//pharmacy;Rio Branco//gas_station;Rio Branco//hospital;Rubem Berta//home;Rubem Berta//work;Rubem Berta//school;Rubem Berta//marketplace;Rubem Berta//pharmacy;Rubem Berta//gas_station;Santa Cecília//home;Santa Cecília//work;Santa Cecília//school;Santa Cecília//marketplace;Santa Cecília//pharmacy;Santa Cecília//gas_station;Santa Cecília//hospital;Santa Maria Goretti//home;Santa Maria Goretti//work;Santa Maria Goretti//school;Santa Maria Goretti//marketplace;Santa Maria Goretti//pharmacy;Santa Maria Goretti//gas_station;Santa Rosa de Lima//home;Santa Rosa de Lima//work;Santa Rosa de Lima//school;Santa Rosa de Lima//marketplace;Santa Rosa de Lima//pharmacy;Santa Rosa de Lima//gas_station;Santa Tereza//home;Santa Tereza//work;Santa Tereza//school;Santa Tereza//marketplace;Santa Tereza//pharmacy;Santa Tereza//gas_station;Santana//home;Santana//work;Santana//school;Santana//marketplace;Santana//pharmacy;Santana//gas_station;Santana//hospital;Santo Antônio//home;Santo Antônio//work;Santo Antônio//school;Santo Antônio//marketplace;Santo Antônio//pharmacy;Santo Antônio//gas_station;São Caetano//home;São Caetano//work;São Caetano//school;São Caetano//marketplace;São Caetano//pharmacy;São Caetano//gas_station;São Geraldo//home;São Geraldo//work;São Geraldo//school;São Geraldo//marketplace;São Geraldo//pharmacy;São Geraldo//gas_station;São João//home;São João//work;São João//school;São João//marketplace;São João//pharmacy;São João//gas_station;São João//shopping_mall;São Sebastião//home;São Sebastião//work;São Sebastião//school;São Sebastião//marketplace;São Sebastião//pharmacy;São Sebastião//gas_station;São Sebastião//shopping_mall;Sarandi//home;Sarandi//work;Sarandi//school;Sarandi//marketplace;Sarandi//pharmacy;Sarandi//gas_station;Sarandi//shopping_mall;Serraria//home;Serraria//work;Serraria//school;Serraria//marketplace;Serraria//pharmacy;Serraria//gas_station;Sétimo Céu//home;Sétimo Céu//work;Sétimo Céu//school;Sétimo Céu//marketplace;Sétimo Céu//pharmacy;Sétimo Céu//gas_station;Teresópolis//home;Teresópolis//work;Teresópolis//school;Teresópolis//marketplace;Teresópolis//pharmacy;Teresópolis//gas_station;Teresópolis//hospital;Três Figueiras//home;Três Figueiras//work;Três Figueiras//school;Três Figueiras//marketplace;Três Figueiras//pharmacy;Três Figueiras//gas_station;Três Figueiras//shopping_mall;Tristeza//home;Tristeza//work;Tristeza//school;Tristeza//marketplace;Tristeza//pharmacy;Tristeza//gas_station;Vila Assunção//home;Vila Assunção//work;Vila Assunção//school;Vila Assunção//marketplace;Vila Assunção//pharmacy;Vila Assunção//gas_station;Vila Assunção//hospital;Vila Conceição//home;Vila Conceição//work;Vila Conceição//school;Vila Conceição//marketplace;Vila Conceição//pharmacy;Vila Conceição//gas_station;Vila Ipiranga//home;Vila Ipiranga//work;Vila Ipiranga//school;Vila Ipiranga//marketplace;Vila Ipiranga//pharmacy;Vila Ipiranga//gas_station;Vila Jardim//home;Vila Jardim//work;Vila Jardim//school;Vila Jardim//marketplace;Vila Jardim//pharmacy;Vila Jardim//gas_station;Vila João Pessoa//home;Vila João Pessoa//work;Vila João Pessoa//school;Vila João Pessoa//marketplace;Vila João Pessoa//pharmacy;Vila João Pessoa//gas_station;Vila Nova//home;Vila Nova//work;Vila Nova//school;Vila Nova//marketplace;Vila Nova//pharmacy;Vila Nova//gas_station;Vila Nova//hospital;São José//home;São José//work;São José//school;São José//marketplace;São José//pharmacy;São José//gas_station
0;1;0;0;0;0;0;1;0;0;0;0;0;1;0;0;0;0;0;1;0;0;0;0;0;1;0;0;0;0;0;1;0;0;0;0;0;0;0;1;0;0;0;0;0;1;0;0;0;0;0;1;0;0;0;0;0;1;0;0;0;0;0;1;0;0;0;0;0;1;0;0;0;0;0;1;0;0;0;0;0;1;0;0;0;0;0;1;0;0;0;0;0;1;0;0;0;0;0;1;0;0;0;0;0;0;1;0;0;0;0;0;0;0;1;0;0;0;0;0;1;0;0;0;0;0;1;0;0;0;0;0;1;0;0;0;0;0;1;0;0;0;0;0;1;0;0;0;0;0;1;0;0;0;0;0;0;0;1;0;0;0;0;0;1;0;0;0;0;0;1;0;0;0;0;0;0;1;0;0;0;0;0;0;1;0;0;0;0;0;1;0;0;0;0;0;0;1;0;0;0;0;0;1;0;0;0;0;0;1;0;0;0;0;0;1;0;0;0;0;0;1;0;0;0;0;0;0;0;1;0;0;0;0;0;1;0;0;0;0;0;0;0;1;0;0;0;0;0;0;1;0;0;0;0;0;1;0;0;0;0;0;1;0;0;0;0;0;0;1;0;0;0;0;0;1;0;0;0;0;0;1;0;0;0;0;0;1;0;0;0;0;0;0;1;0;0;0;0;0;1;0;0;0;0;0;1;0;0;0;0;0;1;0;0;0;0;0;1;0;0;0;0;0;1;0;0;0;0;0;1;0;0;0;0;0;1;0;0;0;0;0;0;1;0;0;0;0;0;0;0;1;0;0;0;0;0;1;0;0;0;0;0;1;0;0;0;0;0;0;1;0;0;0;0;0;1;0;0;0;0;0;1;0;0;0;0;0;1;0;0;0;0;0;1;0;0;0;0;0;1;0;0;0;0;0;1;0;0;0;0;0;1;0;0;0;0;0;1;0;0;0;0;0;1;0;0;0;0;0;0;0;1;0;0;0;0;0;0;1;0;0;0;0;0;0;1;0;0;0;0;0;1;0;0;0;0;0;0;1;0;0;0;0;0;1;0;0;0;0;0;1;0;0;0;0;0;1;0;0;0;0;0;0;1;0;0;0;0;0;1;0;0;0;0;0;1;0;0;0;0;0;1;0;0;0;0;0;0;1;0;0;0;0;0;0;1;0;0;0;0;0;0;1;0;0;0;0;0;1;0;0;0;0;0;1;0;0;0;0;0;0;1;0;0;0;0;0;0;1;0;0;0;0;0;1;0;0;0;0;0;0;1;0;0;0;0;0;1;0;0;0;0;0;1;0;0;0;0;0;1;0;0;0;0;0;1;0;0;0;0;0;0;1;0;0;0;0;0
1;1;7;0;0;0;0;1;7;0;0;0;0;1;6;0;0;0;0;1;5;0;0;0;0;1;11;0;0;0;0;1;6;0;0;0;0;0;0;1;10;0;0;0;0;1;7;0;0;0;0;1;9;0;0;0;0;1;12;0;0;0;0;1;5;0;0;0;0;1;11;0;0;0;0;1;14;0;0;0;0;1;8;0;0;0;0;1;8;0;0;0;0;1;7;0;0;0;0;1;13;0;0;0;0;0;1;7;0;0;0;0;0;0;1;10;0;0;0;0;1;11;0;0;0;0;1;12;0;0;0;0;1;10;0;0;0;0;1;11;0;0;0;0;1;10;0;0;0;0;1;8;0;0;0;0;0;0;1;7;0;0;0;0;1;3;0;0;0;0;1;5;0;0;0;0;0;1;7;0;0;0;0;0;1;7;0;0;0;0;1;11;0;0;0;0;0;1;5;0;0;0;0;1;12;0;0;0;0;1;7;0;0;0;0;1;4;0;0;0;0;1;10;0;0;0;0;0;0;1;7;0;0;0;0;1;6;0;0;0;0;0;0;1;7;0;0;0;0;0;1;13;0;0;0;0;1;7;0;0;0;0;1;9;0;0;0;0;0;1;6;0;0;0;0;1;6;0;0;0;0;1;12;0;0;0;0;1;9;0;0;0;0;0;1;11;0;0;0;0;1;11;0;0;0;0;1;8;0;0;0;0;1;9;0;0;0;0;1;9;0;0;0;0;1;9;0;0;0;0;1;10;0;0;0;0;1;16;0;0;0;0;0;1;8;0;0;0;0;0;0;1;10;0;0;0;0;1;11;0;0;0;0;1;5;0;0;0;0;0;1;10;0;0;0;0;1;13;0;0;0;0;1;12;0;0;0;0;1;16;0;0;0;0;1;12;0;0;0;0;1;9;0;0;0;0;1;11;0;0;0;0;1;6;0;0;0;0;1;6;0;0;0;0;1;15;0;0;0;0;0;0;1;6;0;0;0;0;0;1;9;0;0;0;0;0;1;9;0;0;0;0;1;11;0;0;0;0;0;1;12;0;0;0;0;1;5;0;0;0;0;1;11;0;0;0;0;1;8;0;0;0;0;0;1;7;0;0;0;0;1;7;0;0;0;0;1;5;0;0;0;0;1;11;0;0;0;0;0;1;7;0;0;0;0;0;1;6;0;0;0;0;0;1;7;0;0;0;0;1;8;0;0;0;0;1;10;0;0;0;0;0;1;9;0;0;0;0;0;1;8;0;0;0;0;1;2;0;0;0;0;0;1;9;0;0;0;0;1;12;0;0;0;0;1;12;0;0;0;0;1;13;0;0;0;0;1;12;0;0;0;0;0;1;8;0;0;0;0
2;1;14;0;0;0;0;1;10;0;0;0;0;1;13;0;0;0;0;1;9;0;0;0;0;1;20;0;0;0;0;1;15;0;0;0;0;0;0;1;15;0;0;0;0;1;14;0;0;0;0;1;13;0;0;0;0;1;14;0;0;0;0;1;9;0;0;0;0;1;21;0;0;0;0;1;17;0;0;0;0;1;12;0;0;0;0;1;11;0;0;0;0;1;13;0;0;0;0;1;20;0;0;0;0;0;1;10;0;0;0;0;0;0;1;18;0;0;0;0;1;13;0;0;0;0;1;17;0;0;0;0;1;18;0;0;0;0;1;17;0;0;0;0;1;13;0;0;0;0;1;11;0;0;0;0;0;0;1;11;0;0;0;0;1;11;0;0;0;0;1;10;0;0;0;0;0;1;12;0;0;0;0;0;1;14;0;0;0;0;1;17;0;0;0;0;0;1;13;0;0;0;0;1;13;0;0;0;0;1;11;0;0;0;0;1;8;0;0;0;0;1;15;0;0;0;0;0;0;1;11;0;0;0;0;1;11;0;0;0;0;0;0;1;8;0;0;0;0;0;1;20;0;0;0;0;1;12;0;0;0;0;1;12;0;0;0;0;0;1;11;0;0;0;0;1;11;0;0;0;0;1;15;0;0;0;0;1;14;0;0;0;0;0;1;15;0;0;0;0;1;13;0;0;0;0;1;15;0;0;0;0;1;15;0;0;0;0;1;10;0;0;0;0;1;13;0;0;0;0;1;17;0;0;0;0;1;21;0;0;0;0;0;1;15;0;0;0;0;0;0;1;17;0;0;0;0;1;15;0;0;0;0;1;9;0;0;0;0;0;1;17;0;0;0;0;1;15;0;0;0;0;1;16;0;0;0;0;1;26;0;0;0;0;1;15;0;0;0;0;1;13;0;0;0;0;1;14;0;0;0;0;1;12;0;0;0;0;1;13;0;0;0;0;1;20;0;0;0;0;0;0;1;11;0;0;0;0;0;1;14;0;0;0;0;0;1;13;0;0;0;0;1;19;0;0;0;0;0;1;22;0;0;0;0;1;10;0;0;0;0;1;14;0;0;0;0;1;12;0;0;0;0;0;1;13;0;0;0;0;1;11;0;0;0;0;1;11;0;0;0;0;1;13;0;0;0;0;0;1;13;0;0;0;0;0;1;9;0;0;0;0;0;1;11;0;0;0;0;1;14;0;0;0;0;1;13;0;0;0;0;0;1;20;0;0;0;0;0;1;9;0;0;0;0;1;6;0;0;0;0;0;1;18;0;0;0;0;1;15;0;0;0;0;1;16;0;0;0;0;1;22;0;0;0;0;1;19;0;0;0;0;0;1;13;0;0;0;0
3;1;16;0;0;0;0;1;13;0;0;0;0;1;18;0;0;0;0;1;14;0;0;0;0;1;24;0;0;0;0;1;19;0;0;0;0;0;0;1;19;0;0;0;0;1;16;0;0;0;0;1;15;0;0;0;0;1;17;0;0;0;0;1;14;0;0;0;0;1;24;0;0;0;0;1;18;0;0;0;0;1;17;0;0;0;0;1;14;0;0;0;0;1;19;0;0;0;0;1;23;0;0;0;0;0;1;15;0;0;0;0;0;0;1;18;0;0;0;0;1;19;0;0;0;0;1;20;0;0;0;0;1;19;0;0;0;0;1;22;0;0;0;0;1;21;0;0;0;0;1;16;0;0;0;0;0;0;1;12;0;0;0;0;1;14;0;0;0;0;1;11;0;0;0;0;0;1;15;0;0;0;0;0;1;20;0;0;0;0;1;21;0;0;0;0;0;1;20;0;0;0;0;1;17;0;0;0;0;1;11;0;0;0;0;1;15;0;0;0;0;1;17;0;0;0;0;0;0;1;16;0;0;0;0;1;14;0;0;0;0;0;0;1;13;0;0;0;0;0;1;23;0;0;0;0;1;18;0;0;0;0;1;17;0;0;0;0;0;1;14;0;0;0;0;1;13;0;0;0;0;1;22;0;0;0;0;1;18;0;0;0;0;0;1;16;0;0;0;0;1;14;0;0;0;0;1;20;0;0;0;0;1;16;0;0;0;0;1;20;0;0;0;0;1;13;0;0;0;0;1;21;0;0;0;0;1;23;0;0;0;0;0;1;20;0;0;0;0;0;0;1;19;0;0;0;0;1;17;0;0;0;0;1;10;0;0;0;0;0;1;26;0;0;0;0;1;17;0;0;0;0;1;18;0;0;0;0;1;28;0;0;0;0;1;18;0;0;0;0;1;16;0;0;0;0;1;22;0;0;0;0;1;17;0;0;0;0;1;17;0;0;0;0;1;20;0;0;0;0;0;0;1;12;0;0;0;0;0;1;16;0;0;0;0;0;1;16;0;0;0;0;1;25;0;0;0;0;0;1;23;0;0;0;0;1;14;0;0;0;0;1;17;0;0;0;0;1;19;0;0;0;0;0;1;15;0;0;0;0;1;14;0;0;0;0;1;14;0;0;0;0;1;22;0;0;0;0;0;1;17;0;0;0;0;0;1;9;0;0;0;0;0;1;13;0;0;0;0;1;17;0;0;0;0;1;16;0;0;0;0;0;1;26;0;0;0;0;0;1;12;0;0;0;0;1;10;0;0;0;0;0;1;20;0;0;0;0;1;20;0;0;0;0;1;22;0;0;0;0;1;24;0;0;0;0;1;21;0;0;0;0;0;1;15;0;0;0;0
4;1;16;0;0;0;0;1;22;0;0;0;0;1;20;0;0;0;0;1;15;0;0;0;0;1;29;0;0;0;0;1;22;0;0;0;0;0;0;1;22;0;0;0;0;1;18;0;0;0;0;1;18;0;0;0;0;1;22;0;0;0;0;1;20;0;0;0;0;1;25;0;0;0;0;1;20;0;0;0;0;1;22;0;0;0;0;1;16;0;0;0;0;1;21;0;0;0;0;1;25;0;0;0;0;0;1;18;0;0;0;0;0;0;1;22;0;0;0;0;1;25;0;0;0;0;1;25;0;0;0;0;1;22;0;0;0;0;1;24;0;0;0;0;1;25;0;0;0;0;1;18;0;0;0;0;0;0;1;14;0;0;0;0;1;18;0;0;0;0;1;13;0;0;0;0;0;1;19;0;0;0;0;0;1;22;0;0;0;0;1;25;0;0;0;0;0;1;23;0;0;0;0;1;19;0;0;0;0;1;14;0;0;0;0;1;19;0;0;0;0;1;20;0;0;0;0;0;0;1;18;0;0;0;0;1;19;0;0;0;0;0;0;1;16;0;0;0;0;0;1;25;0;0;0;0;1;19;0;0;0;0;1;25;0;0;0;0;0;1;17;0;0;0;0;1;15;0;0;0;0;1;23;0;0;0;0;1;19;0;0;0;0;0;1;18;0;0;0;0;1;17;0;0;0;0;1;22;0;0;0;0;1;17;0;0;0;0;1;23;0;0;0;0;1;16;0;0;0;0;1;25;0;0;0;0;1;27;0;0;0;0;0;1;24;0;0;0;0;0;0;1;21;0;0;0;0;1;19;0;0;0;0;1;16;0;0;0;0;0;1;27;0;0;0;0;1;18;0;0;0;0;1;20;0;0;0;0;1;29;0;0;0;0;1;22;0;0;0;0;1;17;0;0;0;0;1;29;0;0;0;0;1;17;0;0;0;0;1;22;0;0;0;0;1;22;0;0;0;0;0;0;1;15;0;0;0;0;0;1;17;0;0;0;0;0;1;21;0;0;0;0;1;34;0;0;0;0;0;1;24;0;0;0;0;1;15;0;0;0;0;1;19;0;0;0;0;1;24;0;0;0;0;0;1;20;0;0;0;0;1;16;0;0;0;0;1;19;0;0;0;0;1;25;0;0;0;0;0;1;19;0;0;0;0;0;1;12;0;0;0;0;0;1;15;0;0;0;0;1;21;0;0;0;0;1;17;0;0;0;0;0;1;30;0;0;0;0;0;1;16;0;0;0;0;1;13;0;0;0;0;0;1;21;0;0;0;0;1;21;0;0;0;0;1;25;0;0;0;0;1;27;0;0;0;0;1;21;0;0;0;0;0;1;21;0;0;0;0
5;1;19;0;0;0;0;1;25;0;0;0;0;1;22;0;0;0;0;1;18;0;0;0;0;1;35;0;0;0;0;1;24;0;0;0;0;0;0;1;22;0;0;0;0;1;18;0;0;0;0;1;24;0;0;0;0;1;23;0;0;0;0;1;23;0;0;0;0;1;28;0;0;0;0;1;22;0;0;0;0;1;23;0;0;0;0;1;17;0;0;0;0;1;23;0;0;0;0;1;30;0;0;0;0;0;1;23;0;0;0;0;0;0;1;26;0;0;0;0;1;29;0;0;0;0;1;27;0;0;0;0;1;25;0;0;0;0;1;28;0;0;0;0;1;27;0;0;0;0;1;20;0;0;0;0;0;0;1;19;0;0;0;0;1;18;0;0;0;0;1;15;0;0;0;0;0;1;20;0;0;0;0;0;1;24;0;0;0;0;1;26;0;0;0;0;0;1;26;0;0;0;0;1;23;0;0;0;0;1;15;0;0;0;0;1;23;0;0;0;0;1;24;0;0;0;0;0;0;1;22;0;0;0;0;1;25;0;0;0;0;0;0;1;23;0;0;0;0;0;1;29;0;0;0;0;1;22;0;0;0;0;1;27;0;0;0;0;0;1;18;0;0;0;0;1;18;0;0;0;0;1;24;0;0;0;0;1;22;0;0;0;0;0;1;21;0;0;0;0;1;21;0;0;0;0;1;23;0;0;0;0;1;21;0;0;0;0;1;30;0;0;0;0;1;17;0;0;0;0;1;27;0;0;0;0;1;28;0;0;0;0;0;1;27;0;0;0;0;0;0;1;23;0;0;0;0;1;24;0;0;0;0;1;19;0;0;0;0;0;1;31;0;0;0;0;1;19;0;0;0;0;1;21;0;0;0;0;1;30;0;0;0;0;1;26;0;0;0;0;1;21;0;0;0;0;1;30;0;0;0;0;1;20;0;0;0;0;1;24;0;0;0;0;1;28;0;0;0;0;0;0;1;16;0;0;0;0;0;1;18;0;0;0;0;0;1;22;0;0;0;0;1;38;0;0;0;0;0;1;28;0;0;0;0;1;16;0;0;0;0;1;21;0;0;0;0;1;25;0;0;0;0;0;1;23;0;0;0;0;1;19;0;0;0;0;1;19;0;0;0;0;1;28;0;0;0;0;0;1;21;0;0;0;0;0;1;13;0;0;0;0;0;1;16;0;0;0;0;1;22;0;0;0;0;1;19;0;0;0;0;0;1;32;0;0;0;0;0;1;19;0;0;0;0;1;16;0;0;0;0;0;1;22;0;0;0;0;1;23;0;0;0;0;1;28;0;0;0;0;1;29;0;0;0;0;1;22;0;0;0;0;0;1;23;0;0;0;0
6;1;20;0;0;0;0;1;28;0;0;0;0;1;23;0;0;0;0;1;20;0;0;0;0;1;35;0;0;0;0;1;27;0;0;0;0;0;0;1;24;0;0;0;0;1;22;0;0;0;0;1;25;0;0;0;0;1;26;0;0;0;0;1;24;0;0;0;0;1;30;0;0;0;0;1;24;0;0;0;0;1;24;0;0;0;0;1;17;0;0;0;0;1;23;0;0;0;0;1;33;0;0;0;0;0;1;23;0;0;0;0;0;0;1;29;0;0;0;0;1;30;0;0;0;0;1;30;0;0;0;0;1;28;0;0;0;0;1;33;0;0;0;0;1;28;0;0;0;0;1;21;0;0;0;0;0;0;1;22;0;0;0;0;1;22;0;0;0;0;1;16;0;0;0;0;0;1;23;0;0;0;0;0;1;27;0;0;0;0;1;27;0;0;0;0;0;1;30;0;0;0;0;1;24;0;0;0;0;1;15;0;0;0;0;1;23;0;0;0;0;1;28;0;0;0;0;0;0;1;22;0;0;0;0;1;28;0;0;0;0;0;0;1;25;0;0;0;0;0;1;30;0;0;0;0;1;22;0;0;0;0;1;28;0;0;0;0;0;1;21;0;0;0;0;1;19;0;0;0;0;1;26;0;0;0;0;1;24;0;0;0;0;0;1;26;0;0;0;0;1;22;0;0;0;0;1;23;0;0;0;0;1;23;0;0;0;0;1;32;0;0;0;0;1;17;0;0;0;0;1;28;0;0;0;0;1;31;0;0;0;0;0;1;30;0;0;0;0;0;0;1;25;0;0;0;0;1;24;0;0;0;0;1;20;0;0;0;0;0;1;32;0;0;0;0;1;19;0;0;0;0;1;25;0;0;0;0;1;30;0;0;0;0;1;27;0;0;0;0;1;24;0;0;0;0;1;31;0;0;0;0;1;21;0;0;0;0;1;26;0;0;0;0;1;31;0;0;0;0;0;0;1;17;0;0;0;0;0;1;20;0;0;0;0;0;1;23;0;0;0;0;1;41;0;0;0;0;0;1;29;0;0;0;0;1;19;0;0;0;0;1;23;0;0;0;0;1;26;0;0;0;0;0;1;24;0;0;0;0;1;20;0;0;0;0;1;20;0;0;0;0;1;29;0;0;0;0;0;1;26;0;0;0;0;0;1;14;0;0;0;0;0;1;16;0;0;0;0;1;25;0;0;0;0;1;19;0;0;0;0;0;1;34;0;0;0;0;0;1;20;0;0;0;0;1;20;0;0;0;0;0;1;24;0;0;0;0;1;25;0;0;0;0;1;31;0;0;0;0;1;29;0;0;0;0;1;23;0;0;0;0;0;1;24;0;0;0;0
7;1;21;0;0;0;0;1;28;0;0;0;0;1;24;0;0;0;0;1;22;0;0;0;0;1;37;0;0;0;0;1;28;0;0;0;0;0;0;1;26;0;0;0;0;1;24;0;0;0;0;1;28;0;0;0;0;1;28;0;0;0;0;1;25;0;0;0;0;1;31;0;0;0;0;1;25;0;0;0;0;1;25;0;0;0;0;1;18;0;0;0;0;1;25;0;0;0;0;1;36;0;0;0;0;0;1;24;0;0;0;0;0;0;1;30;0;0;0;0;1;31;0;0;0;0;1;33;0;0;0;0;1;30;0;0;0;0;1;34;0;0;0;0;1;30;0;0;0;0;1;23;0;0;0;0;0;0;1;23;0;0;0;0;1;23;0;0;0;0;1;17;0;0;0;0;0;1;23;0;0;0;0;0;1;27;0;0;0;0;1;29;0;0;0;0;0;1;32;0;0;0;0;1;27;0;0;0;0;1;18;0;0;0;0;1;24;0;0;0;0;1;28;0;0;0;0;0;0;1;23;0;0;0;0;1;29;0;0;0;0;0;0;1;26;0;0;0;0;0;1;34;0;0;0;0;1;23;0;0;0;0;1;30;0;0;0;0;0;1;24;0;0;0;0;1;20;0;0;0;0;1;28;0;0;0;0;1;24;0;0;0;0;0;1;26;0;0;0;0;1;23;0;0;0;0;1;25;0;0;0;0;1;25;0;0;0;0;1;32;0;0;0;0;1;18;0;0;0;0;1;29;0;0;0;0;1;31;0;0;0;0;0;1;30;0;0;0;0;0;0;1;26;0;0;0;0;1;26;0;0;0;0;1;20;0;0;0;0;0;1;33;0;0;0;0;1;21;0;0;0;0;1;27;0;0;0;0;1;31;0;0;0;0;1;30;0;0;0;0;1;25;0;0;0;0;1;35;0;0;0;0;1;24;0;0;0;0;1;28;0;0;0;0;1;31;0;0;0;0;0;0;1;20;0;0;0;0;0;1;21;0;0;0;0;0;1;25;0;0;0;0;1;41;0;0;0;0;0;1;31;0;0;0;0;1;22;0;0;0;0;1;26;0;0;0;0;1;29;0;0;0;0;0;1;25;0;0;0;0;1;22;0;0;0;0;1;23;0;0;0;0;1;32;0;0;0;0;0;1;30;0;0;0;0;0;1;15;0;0;0;0;0;1;19;0;0;0;0;1;26;0;0;0;0;1;20;0;0;0;0;0;1;36;0;0;0;0;0;1;22;0;0;0;0;1;21;0;0;0;0;0;1;25;0;0;0;0;1;25;0;0;0;0;1;34;0;0;0;0;1;30;0;0;0;0;1;25;0;0;0;0;0;1;24;0;0;0;0
8;1;23;12;0;0;0;1;32;16;0;0;0;1;29;12;0;0;0;1;25;19;0;0;0;1;43;22;0;0;0;1;32;24;0;0;0;0;0;1;29;28;0;0;0;1;25;17;0;0;0;1;33;23;0;0;0;1;31;28;0;0;0;1;30;19;0;0;0;1;35;25;0;0;0;1;27;20;0;0;0;1;30;16;0;0;0;1;24;20;0;0;0;1;27;22;0;0;0;1;38;18;0;0;0;0;1;29;27;0;0;0;0;0;1;36;16;0;0;0;1;32;15;0;0;0;1;38;19;0;0;0;1;32;22;0;0;0;1;37;22;0;0;0;1;32;19;0;0;0;1;28;15;0;0;0;0;0;1;28;18;0;0;0;1;26;13;0;0;0;1;20;12;0;0;0;0;1;29;22;0;0;0;0;1;29;22;0;0;0;1;33;23;0;0;0;0;1;35;17;0;0;0;1;31;23;0;0;0;1;23;17;0;0;0;1;28;21;0;0;0;1;36;25;0;0;0;0;0;1;27;18;0;0;0;1;32;18;0;0;0;0;0;1;32;21;0;0;0;0;1;35;21;0;0;0;1;26;16;0;0;0;1;35;20;0;0;0;0;1;29;21;0;0;0;1;27;14;0;0;0;1;31;17;0;0;0;1;29;18;0;0;0;0;1;31;16;0;0;0;1;29;25;0;0;0;1;30;15;0;0;0;1;30;12;0;0;0;1;34;12;0;0;0;1;23;16;0;0;0;1;31;29;0;0;0;1;39;13;0;0;0;0;1;32;19;0;0;0;0;0;1;30;22;0;0;0;1;31;22;0;0;0;1;22;15;0;0;0;0;1;35;25;0;0;0;1;27;16;0;0;0;1;31;19;0;0;0;1;37;30;0;0;0;1;32;18;0;0;0;1;31;17;0;0;0;1;37;26;0;0;0;1;27;10;0;0;0;1;29;19;0;0;0;1;34;13;0;0;0;0;0;1;24;16;0;0;0;0;1;27;23;0;0;0;0;1;29;18;0;0;0;1;43;23;0;0;0;0;1;34;21;0;0;0;1;23;21;0;0;0;1;28;26;0;0;0;1;33;29;0;0;0;0;1;31;26;0;0;0;1;26;17;0;0;0;1;28;15;0;0;0;1;37;22;0;0;0;0;1;33;20;0;0;0;0;1;20;11;0;0;0;0;1;22;18;0;0;0;1;28;16;0;0;0;1;25;26;0;0;0;0;1;40;26;0;0;0;0;1;24;7;0;0;0;1;23;20;0;0;0;0;1;27;11;0;0;0;1;27;24;0;0;0;1;37;22;0;0;0;1;31;17;0;0;0;1;29;26;0;0;0;0;1;26;16;0;0;0
9;1;27;12;0;0;0;1;33;16;0;0;0;1;30;12;0;0;0;1;26;19;0;0;0;1;43;22;0;0;0;1;35;24;0;0;0;0;0;1;31;28;0;0;0;1;27;17;0;0;0;1;37;23;0;0;0;1;33;28;0;0;0;1;30;19;0;0;0;1;37;25;0;0;0;1;28;20;0;0;0;1;30;16;0;0;0;1;26;20;0;0;0;1;27;22;0;0;0;1;39;18;0;0;0;0;1;30;27;0;0;0;0;0;1;38;16;0;0;0;1;32;15;0;0;0;1;39;19;0;0;0;1;34;22;0;0;0;1;37;22;0;0;0;1;32;19;0;0;0;1;31;15;0;0;0;0;0;1;29;18;0;0;0;1;26;13;0;0;0;1;21;12;0;0;0;0;1;34;22;0;0;0;0;1;29;22;0;0;0;1;35;23;0;0;0;0;1;35;17;0;0;0;1;31;23;0;0;0;1;23;17;0;0;0;1;28;21;0;0;0;1;36;25;0;0;0;0;0;1;28;18;0;0;0;1;32;18;0;0;0;0;0;1;33;21;0;0;0;0;1;36;21;0;0;0;1;28;16;0;0;0;1;36;20;0;0;0;0;1;30;21;0;0;0;1;27;14;0;0;0;1;31;17;0;0;0;1;30;18;0;0;0;0;1;32;16;0;0;0;1;29;25;0;0;0;1;30;15;0;0;0;1;31;12;0;0;0;1;34;12;0;0;0;1;24;16;0;0;0;1;37;29;0;0;0;1;42;13;0;0;0;0;1;33;19;0;0;0;0;0;1;30;22;0;0;0;1;33;22;0;0;0;1;22;15;0;0;0;0;1;36;25;0;0;0;1;27;16;0;0;0;1;33;19;0;0;0;1;38;30;0;0;0;1;33;18;0;0;0;1;32;17;0;0;0;1;39;26;0;0;0;1;30;10;0;0;0;1;30;19;0;0;0;1;34;13;0;0;0;0;0;1;26;16;0;0;0;0;1;27;23;0;0;0;0;1;30;18;0;0;0;1;45;23;0;0;0;0;1;35;21;0;0;0;1;26;21;0;0;0;1;30;26;0;0;0;1;34;29;0;0;0;0;1;34;26;0;0;0;1;29;17;0;0;0;1;28;15;0;0;0;1;39;22;0;0;0;0;1;37;20;0;0;0;0;1;21;11;0;0;0;0;1;24;18;0;0;0;1;31;16;0;0;0;1;26;26;0;0;0;0;1;41;26;0;0;0;0;1;25;7;0;0;0;1;23;20;0;0;0;0;1;27;11;0;0;0;1;30;24;0;0;0;1;38;22;0;0;0;1;31;17;0;0;0;1;31;26;0;0;0;0;1;28;16;0;0;0
10;1;29;12;0;0;0;1;34;16;0;0;0;1;33;12;0;0;0;1;26;19;0;0;0;1;44;22;0;0;0;1;36;24;0;0;0;0;0;1;34;28;0;0;0;1;27;17;0;0;0;1;38;23;0;0;0;1;34;28;0;0;0;1;31;19;0;0;0;1;42;25;0;0;0;1;29;20;0;0;0;1;33;16;0;0;0;1;28;20;0;0;0;1;27;22;0;0;0;1;40;18;0;0;0;0;1;31;27;0;0;0;0;0;1;40;16;0;0;0;1;32;15;0;0;0;1;40;19;0;0;0;1;37;22;0;0;0;1;37;22;0;0;0;1;32;19;0;0;0;1;32;15;0;0;0;0;0;1;33;18;0;0;0;1;28;13;0;0;0;1;21;12;0;0;0;0;1;35;22;0;0;0;0;1;29;22;0;0;0;1;36;23;0;0;0;0;1;36;17;0;0;0;1;34;23;0;0;0;1;23;17;0;0;0;1;29;21;0;0;0;1;36;25;0;0;0;0;0;1;30;18;0;0;0;1;32;18;0;0;0;0;0;1;34;21;0;0;0;0;1;37;21;0;0;0;1;32;16;0;0;0;1;36;20;0;0;0;0;1;32;21;0;0;0;1;27;14;0;0;0;1;31;17;0;0;0;1;31;18;0;0;0;0;1;33;16;0;0;0;1;30;25;0;0;0;1;30;15;0;0;0;1;31;12;0;0;0;1;36;12;0;0;0;1;24;16;0;0;0;1;38;29;0;0;0;1;42;13;0;0;0;0;1;34;19;0;0;0;0;0;1;30;22;0;0;0;1;36;22;0;0;0;1;23;15;0;0;0;0;1;41;25;0;0;0;1;30;16;0;0;0;1;35;19;0;0;0;1;38;30;0;0;0;1;33;18;0;0;0;1;33;17;0;0;0;1;40;26;0;0;0;1;31;10;0;0;0;1;30;19;0;0;0;1;34;13;0;0;0;0;0;1;26;16;0;0;0;0;1;30;23;0;0;0;0;1;31;18;0;0;0;1;47;23;0;0;0;0;1;37;21;0;0;0;1;27;21;0;0;0;1;31;26;0;0;0;1;34;29;0;0;0;0;1;35;26;0;0;0;1;29;17;0;0;0;1;29;15;0;0;0;1;41;22;0;0;0;0;1;37;20;0;0;0;0;1;27;11;0;0;0;0;1;26;18;0;0;0;1;33;16;0;0;0;1;26;26;0;0;0;0;1;42;26;0;0;0;0;1;25;7;0;0;0;1;23;20;0;0;0;0;1;27;11;0;0;0;1;30;24;0;0;0;1;39;22;0;0;0;1;32;17;0;0;0;1;31;26;0;0;0;0;1;29;16;0;0;0
11;1;29;12;0;0;0;1;34;16;0;0;0;1;34;12;0;0;0;1;26;19;0;0;0;1;45;22;0;0;0;1;37;24;0;0;0;0;0;1;35;28;0;0;0;1;28;17;0;0;0;1;39;23;0;0;0;1;35;28;0;0;0;1;31;19;0;0;0;1;43;25;0;0;0;1;29;20;0;0;0;1;33;16;0;0;0;1;29;20;0;0;0;1;28;22;0;0;0;1;40;18;0;0;0;0;1;31;27;0;0;0;0;0;1;41;16;0;0;0;1;34;15;0;0;0;1;42;19;0;0;0;1;38;22;0;0;0;1;38;22;0;0;0;1;34;19;0;0;0;1;34;15;0;0;0;0;0;1;34;18;0;0;0;1;30;13;0;0;0;1;22;12;0;0;0;0;1;36;22;0;0;0;0;1;31;22;0;0;0;1;38;23;0;0;0;0;1;36;17;0;0;0;1;35;23;0;0;0;1;23;17;0;0;0;1;30;21;0;0;0;1;39;25;0;0;0;0;0;1;32;18;0;0;0;1;34;18;0;0;0;0;0;1;35;21;0;0;0;0;1;38;21;0;0;0;1;35;16;0;0;0;1;36;20;0;0;0;0;1;33;21;0;0;0;1;27;14;0;0;0;1;33;17;0;0;0;1;31;18;0;0;0;0;1;33;16;0;0;0;1;31;25;0;0;0;1;31;15;0;0;0;1;31;12;0;0;0;1;38;12;0;0;0;1;25;16;0;0;0;1;41;29;0;0;0;1;42;13;0;0;0;0;1;35;19;0;0;0;0;0;1;32;22;0;0;0;1;37;22;0;0;0;1;25;15;0;0;0;0;1;42;25;0;0;0;1;30;16;0;0;0;1;35;19;0;0;0;1;39;30;0;0;0;1;34;18;0;0;0;1;33;17;0;0;0;1;41;26;0;0;0;1;33;10;0;0;0;1;30;19;0;0;0;1;34;13;0;0;0;0;0;1;26;16;0;0;0;0;1;30;23;0;0;0;0;1;32;18;0;0;0;1;47;23;0;0;0;0;1;37;21;0;0;0;1;27;21;0;0;0;1;32;26;0;0;0;1;36;29;0;0;0;0;1;36;26;0;0;0;1;29;17;0;0;0;1;29;15;0;0;0;1;42;22;0;0;0;0;1;39;20;0;0;0;0;1;29;11;0;0;0;0;1;27;18;0;0;0;1;33;16;0;0;0;1;28;26;0;0;0;0;1;42;26;0;0;0;0;1;26;7;0;0;0;1;23;20;0;0;0;0;1;28;11;0;0;0;1;33;24;0;0;0;1;40;22;0;0;0;1;32;17;0;0;0;1;33;26;0;0;0;0;1;30;16;0;0;0
12;1;32;12;0;0;0;1;36;16;0;0;0;1;36;12;0;0;0;1;29;19;0;0;0;1;47;22;0;0;0;1;41;24;0;0;0;0;0;1;37;28;0;0;0;1;30;17;0;0;0;1;39;23;0;0;0;1;36;28;0;0;0;1;32;19;0;0;0;1;45;25;0;0;0;1;29;20;0;0;0;1;36;16;0;0;0;1;33;20;0;0;0;1;32;22;0;0;0;1;40;18;0;0;0;0;1;33;27;0;0;0;0;0;1;41;16;0;0;0;1;36;15;0;0;0;1;43;19;0;0;0;1;39;22;0;0;0;1;39;22;0;0;0;1;38;19;0;0;0;1;35;15;0;0;0;0;0;1;35;18;0;0;0;1;32;13;0;0;0;1;25;12;0;0;0;0;1;39;22;0;0;0;0;1;32;22;0;0;0;1;43;23;0;0;0;0;1;40;17;0;0;0;1;37;23;0;0;0;1;26;17;0;0;0;1;32;21;0;0;0;1;44;25;0;0;0;0;0;1;37;18;0;0;0;1;36;18;0;0;0;0;0;1;41;21;0;0;0;0;1;41;21;0;0;0;1;35;16;0;0;0;1;36;20;0;0;0;0;1;35;21;0;0;0;1;32;14;0;0;0;1;33;17;0;0;0;1;32;18;0;0;0;0;1;35;16;0;0;0;1;34;25;0;0;0;1;33;15;0;0;0;1;32;12;0;0;0;1;39;12;0;0;0;1;26;16;0;0;0;1;42;29;0;0;0;1;44;13;0;0;0;0;1;40;19;0;0;0;0;0;1;35;22;0;0;0;1;38;22;0;0;0;1;28;15;0;0;0;0;1;44;25;0;0;0;1;31;16;0;0;0;1;36;19;0;0;0;1;42;30;0;0;0;1;34;18;0;0;0;1;35;17;0;0;0;1;42;26;0;0;0;1;35;10;0;0;0;1;36;19;0;0;0;1;35;13;0;0;0;0;0;1;29;16;0;0;0;0;1;30;23;0;0;0;0;1;35;18;0;0;0;1;49;23;0;0;0;0;1;39;21;0;0;0;1;29;21;0;0;0;1;35;26;0;0;0;1;37;29;0;0;0;0;1;40;26;0;0;0;1;29;17;0;0;0;1;33;15;0;0;0;1;44;22;0;0;0;0;1;42;20;0;0;0;0;1;30;11;0;0;0;0;1;30;18;0;0;0;1;33;16;0;0;0;1;30;26;0;0;0;0;1;44;26;0;0;0;0;1;26;7;0;0;0;1;26;20;0;0;0;0;1;31;11;0;0;0;1;34;24;0;0;0;1;41;22;0;0;0;1;34;17;0;0;0;1;34;26;0;0;0;0;1;33;16;0;0;0
13;1;33;26;0;0;0;1;36;24;0;0;0;1;37;22;0;0;0;1;30;28;0;0;0;1;47;36;0;0;0;1;43;31;0;0;0;0;0;1;39;39;0;0;0;1;32;32;0;0;0;1;41;34;0;0;0;1;37;33;0;0;0;1;34;26;0;0;0;1;46;31;0;0;0;1;32;30;0;0;0;1;37;25;0;0;0;1;34;26;0;0;0;1;34;30;0;0;0;1;41;29;0;0;0;0;1;34;38;0;0;0;0;0;1;44;25;0;0;0;1;38;25;0;0;0;1;45;25;0;0;0;1;39;34;0;0;0;1;39;23;0;0;0;1;39;31;0;0;0;1;35;25;0;0;0;0;0;1;36;27;0;0;0;1;33;22;0;0;0;1;27;18;0;0;0;0;1;41;33;0;0;0;0;1;32;34;0;0;0;1;44;36;0;0;0;0;1;40;25;0;0;0;1;37;34;0;0;0;1;27;27;0;0;0;1;33;26;0;0;0;1;44;33;0;0;0;0;0;1;37;22;0;0;0;1;36;32;0;0;0;0;0;1;44;35;0;0;0;0;1;43;33;0;0;0;1;35;23;0;0;0;1;37;31;0;0;0;0;1;37;26;0;0;0;1;33;21;0;0;0;1;34;26;0;0;0;1;34;24;0;0;0;0;1;36;29;0;0;0;1;36;37;0;0;0;1;33;29;0;0;0;1;33;22;0;0;0;1;39;24;0;0;0;1;26;24;0;0;0;1;44;41;0;0;0;1;44;26;0;0;0;0;1;40;33;0;0;0;0;0;1;36;35;0;0;0;1;38;27;0;0;0;1;28;31;0;0;0;0;1;45;33;0;0;0;1;31;23;0;0;0;1;39;31;0;0;0;1;43;35;0;0;0;1;34;29;0;0;0;1;35;23;0;0;0;1;43;38;0;0;0;1;36;19;0;0;0;1;36;25;0;0;0;1;37;23;0;0;0;0;0;1;32;26;0;0;0;0;1;31;33;0;0;0;0;1;35;28;0;0;0;1;51;35;0;0;0;0;1;39;29;0;0;0;1;30;26;0;0;0;1;36;39;0;0;0;1;38;41;0;0;0;0;1;42;32;0;0;0;1;30;24;0;0;0;1;35;30;0;0;0;1;44;36;0;0;0;0;1;43;31;0;0;0;0;1;30;18;0;0;0;0;1;30;28;0;0;0;1;33;23;0;0;0;1;30;36;0;0;0;0;1;45;39;0;0;0;0;1;27;17;0;0;0;1;29;25;0;0;0;0;1;35;21;0;0;0;1;35;35;0;0;0;1;41;32;0;0;0;1;35;29;0;0;0;1;36;36;0;0;0;0;1;34;29;0;0;0
14;1;33;26;0;0;0;1;36;24;0;0;0;1;38;22;0;0;0;1;30;28;0;0;0;1;48;36;0;0;0;1;43;31;0;0;0;0;0;1;40;39;0;0;0;1;32;32;0;0;0;1;42;34;0;0;0;1;38;33;0;0;0;1;35;26;0;0;0;1;47;31;0;0;0;1;32;30;0;0;0;1;39;25;0;0;0;1;34;26;0;0;0;1;35;30;0;0;0;1;42;29;0;0;0;0;1;36;38;0;0;0;0;0;1;44;25;0;0;0;1;39;25;0;0;0;1;45;25;0;0;0;1;39;34;0;0;0;1;41;23;0;0;0;1;41;31;0;0;0;1;36;25;0;0;0;0;0;1;37;27;0;0;0;1;33;22;0;0;0;1;28;18;0;0;0;0;1;42;33;0;0;0;0;1;33;34;0;0;0;1;44;36;0;0;0;0;1;40;25;0;0;0;1;39;34;0;0;0;1;28;27;0;0;0;1;33;26;0;0;0;1;44;33;0;0;0;0;0;1;37;22;0;0;0;1;37;32;0;0;0;0;0;1;44;35;0;0;0;0;1;43;33;0;0;0;1;35;23;0;0;0;1;38;31;0;0;0;0;1;38;26;0;0;0;1;34;21;0;0;0;1;35;26;0;0;0;1;35;24;0;0;0;0;1;37;29;0;0;0;1;37;37;0;0;0;1;34;29;0;0;0;1;33;22;0;0;0;1;40;24;0;0;0;1;26;24;0;0;0;1;44;41;0;0;0;1;44;26;0;0;0;0;1;40;33;0;0;0;0;0;1;36;35;0;0;0;1;38;27;0;0;0;1;28;31;0;0;0;0;1;45;33;0;0;0;1;34;23;0;0;0;1;41;31;0;0;0;1;44;35;0;0;0;1;35;29;0;0;0;1;36;23;0;0;0;1;44;38;0;0;0;1;36;19;0;0;0;1;38;25;0;0;0;1;38;23;0;0;0;0;0;1;32;26;0;0;0;0;1;31;33;0;0;0;0;1;36;28;0;0;0;1;51;35;0;0;0;0;1;39;29;0;0;0;1;30;26;0;0;0;1;37;39;0;0;0;1;39;41;0;0;0;0;1;44;32;0;0;0;1;31;24;0;0;0;1;35;30;0;0;0;1;46;36;0;0;0;0;1;43;31;0;0;0;0;1;31;18;0;0;0;0;1;33;28;0;0;0;1;33;23;0;0;0;1;31;36;0;0;0;0;1;45;39;0;0;0;0;1;28;17;0;0;0;1;30;25;0;0;0;0;1;35;21;0;0;0;1;37;35;0;0;0;1;42;32;0;0;0;1;35;29;0;0;0;1;36;36;0;0;0;0;1;36;29;0;0;0
15;1;33;26;0;0;0;1;36;24;0;0;0;1;39;22;0;0;0;1;30;28;0;0;0;1;48;36;0;0;0;1;43;31;0;0;0;0;0;1;41;39;0;0;0;1;34;32;0;0;0;1;42;34;0;0;0;1;39;33;0;0;0;1;35;26;0;0;0;1;48;31;0;0;0;1;33;30;0;0;0;1;40;25;0;0;0;1;35;26;0;0;0;1;35;30;0;0;0;1;44;29;0;0;0;0;1;36;38;0;0;0;0;0;1;44;25;0;0;0;1;41;25;0;0;0;1;47;25;0;0;0;1;39;34;0;0;0;1;44;23;0;0;0;1;43;31;0;0;0;1;36;25;0;0;0;0;0;1;39;27;0;0;0;1;33;22;0;0;0;1;28;18;0;0;0;0;1;43;33;0;0;0;0;1;33;34;0;0;0;1;45;36;0;0;0;0;1;40;25;0;0;0;1;41;34;0;0;0;1;29;27;0;0;0;1;34;26;0;0;0;1;44;33;0;0;0;0;0;1;37;22;0;0;0;1;37;32;0;0;0;0;0;1;44;35;0;0;0;0;1;44;33;0;0;0;1;35;23;0;0;0;1;38;31;0;0;0;0;1;39;26;0;0;0;1;34;21;0;0;0;1;35;26;0;0;0;1;35;24;0;0;0;0;1;38;29;0;0;0;1;38;37;0;0;0;1;35;29;0;0;0;1;34;22;0;0;0;1;40;24;0;0;0;1;26;24;0;0;0;1;44;41;0;0;0;1;45;26;0;0;0;0;1;41;33;0;0;0;0;0;1;38;35;0;0;0;1;38;27;0;0;0;1;31;31;0;0;0;0;1;47;33;0;0;0;1;34;23;0;0;0;1;41;31;0;0;0;1;46;35;0;0;0;1;36;29;0;0;0;1;36;23;0;0;0;1;44;38;0;0;0;1;36;19;0;0;0;1;38;25;0;0;0;1;39;23;0;0;0;0;0;1;32;26;0;0;0;0;1;32;33;0;0;0;0;1;36;28;0;0;0;1;51;35;0;0;0;0;1;40;29;0;0;0;1;31;26;0;0;0;1;37;39;0;0;0;1;39;41;0;0;0;0;1;44;32;0;0;0;1;31;24;0;0;0;1;35;30;0;0;0;1;46;36;0;0;0;0;1;43;31;0;0;0;0;1;31;18;0;0;0;0;1;33;28;0;0;0;1;34;23;0;0;0;1;31;36;0;0;0;0;1;46;39;0;0;0;0;1;28;17;0;0;0;1;32;25;0;0;0;0;1;37;21;0;0;0;1;37;35;0;0;0;1;42;32;0;0;0;1;35;29;0;0;0;1;36;36;0;0;0;0;1;36;29;0;0;0
16;1;36;26;0;0;0;1;38;24;0;0;0;1;41;22;0;0;0;1;32;28;0;0;0;1;48;36;0;0;0;1;43;31;0;0;0;0;0;1;47;39;0;0;0;1;36;32;0;0;0;1;43;34;0;0;0;1;46;33;0;0;0;1;35;26;0;0;0;1;48;31;0;0;0;1;34;30;0;0;0;1;42;25;0;0;0;1;36;26;0;0;0;1;36;30;0;0;0;1;45;29;0;0;0;0;1;37;38;0;0;0;0;0;1;46;25;0;0;0;1;42;25;0;0;0;1;47;25;0;0;0;1;44;34;0;0;0;1;44;23;0;0;0;1;46;31;0;0;0;1;38;25;0;0;0;0;0;1;40;27;0;0;0;1;35;22;0;0;0;1;31;18;0;0;0;0;1;43;33;0;0;0;0;1;36;34;0;0;0;1;45;36;0;0;0;0;1;40;25;0;0;0;1;42;34;0;0;0;1;29;27;0;0;0;1;36;26;0;0;0;1;44;33;0;0;0;0;0;1;37;22;0;0;0;1;39;32;0;0;0;0;0;1;44;35;0;0;0;0;1;45;33;0;0;0;1;36;23;0;0;0;1;39;31;0;0;0;0;1;40;26;0;0;0;1;34;21;0;0;0;1;37;26;0;0;0;1;38;24;0;0;0;0;1;38;29;0;0;0;1;40;37;0;0;0;1;39;29;0;0;0;1;37;22;0;0;0;1;40;24;0;0;0;1;27;24;0;0;0;1;45;41;0;0;0;1;46;26;0;0;0;0;1;43;33;0;0;0;0;0;1;40;35;0;0;0;1;39;27;0;0;0;1;33;31;0;0;0;0;1;50;33;0;0;0;1;36;23;0;0;0;1;43;31;0;0;0;1;47;35;0;0;0;1;37;29;0;0;0;1;39;23;0;0;0;1;45;38;0;0;0;1;37;19;0;0;0;1;41;25;0;0;0;1;41;23;0;0;0;0;0;1;34;26;0;0;0;0;1;33;33;0;0;0;0;1;38;28;0;0;0;1;51;35;0;0;0;0;1;41;29;0;0;0;1;31;26;0;0;0;1;37;39;0;0;0;1;42;41;0;0;0;0;1;46;32;0;0;0;1;31;24;0;0;0;1;36;30;0;0;0;1;50;36;0;0;0;0;1;44;31;0;0;0;0;1;34;18;0;0;0;0;1;34;28;0;0;0;1;34;23;0;0;0;1;33;36;0;0;0;0;1;46;39;0;0;0;0;1;29;17;0;0;0;1;33;25;0;0;0;0;1;40;21;0;0;0;1;37;35;0;0;0;1;44;32;0;0;0;1;38;29;0;0;0;1;36;36;0;0;0;0;1;36;29;0;0;0
17;1;37;26;0;0;0;1;39;24;0;0;0;1;41;22;0;0;0;1;32;28;0;0;0;1;48;36;0;0;0;1;45;31;0;0;0;0;0;1;47;39;0;0;0;1;38;32;0;0;0;1;43;34;0;0;0;1;50;33;0;0;0;1;38;26;0;0;0;1;48;31;0;0;0;1;34;30;0;0;0;1;42;25;0;0;0;1;36;26;0;0;0;1;38;30;0;0;0;1;46;29;0;0;0;0;1;37;38;0;0;0;0;0;1;48;25;0;0;0;1;42;25;0;0;0;1;47;25;0;0;0;1;44;34;0;0;0;1;44;23;0;0;0;1;47;31;0;0;0;1;39;25;0;0;0;0;0;1;40;27;0;0;0;1;35;22;0;0;0;1;32;18;0;0;0;0;1;43;33;0;0;0;0;1;37;34;0;0;0;1;46;36;0;0;0;0;1;42;25;0;0;0;1;42;34;0;0;0;1;29;27;0;0;0;1;37;26;0;0;0;1;49;33;0;0;0;0;0;1;37;22;0;0;0;1;41;32;0;0;0;0;0;1;44;35;0;0;0;0;1;46;33;0;0;0;1;36;23;0;0;0;1;40;31;0;0;0;0;1;42;26;0;0;0;1;34;21;0;0;0;1;38;26;0;0;0;1;39;24;0;0;0;0;1;38;29;0;0;0;1;41;37;0;0;0;1;41;29;0;0;0;1;39;22;0;0;0;1;40;24;0;0;0;1;28;24;0;0;0;1;47;41;0;0;0;1;49;26;0;0;0;0;1;45;33;0;0;0;0;0;1;40;35;0;0;0;1;39;27;0;0;0;1;35;31;0;0;0;0;1;50;33;0;0;0;1;36;23;0;0;0;1;43;31;0;0;0;1;47;35;0;0;0;1;37;29;0;0;0;1;40;23;0;0;0;1;47;38;0;0;0;1;37;19;0;0;0;1;41;25;0;0;0;1;43;23;0;0;0;0;0;1;35;26;0;0;0;0;1;33;33;0;0;0;0;1;39;28;0;0;0;1;52;35;0;0;0;0;1;41;29;0;0;0;1;31;26;0;0;0;1;39;39;0;0;0;1;43;41;0;0;0;0;1;47;32;0;0;0;1;31;24;0;0;0;1;38;30;0;0;0;1;52;36;0;0;0;0;1;44;31;0;0;0;0;1;35;18;0;0;0;0;1;35;28;0;0;0;1;34;23;0;0;0;1;34;36;0;0;0;0;1;46;39;0;0;0;0;1;29;17;0;0;0;1;33;25;0;0;0;0;1;41;21;0;0;0;1;38;35;0;0;0;1;45;32;0;0;0;1;42;29;0;0;0;1;39;36;0;0;0;0;1;36;29;0;0;0
18;1;38;26;0;0;0;1;39;24;0;0;0;1;41;22;0;0;0;1;33;28;0;0;0;1;48;36;0;0;0;1;45;31;0;0;0;0;0;1;47;39;0;0;0;1;39;32;0;0;0;1;43;34;0;0;0;1;50;33;0;0;0;1;38;26;0;0;0;1;49;31;0;0;0;1;36;30;0;0;0;1;42;25;0;0;0;1;36;26;0;0;0;1;40;30;0;0;0;1;47;29;0;0;0;0;1;37;38;0;0;0;0;0;1;48;25;0;0;0;1;42;25;0;0;0;1;47;25;0;0;0;1;44;34;0;0;0;1;44;23;0;0;0;1;48;31;0;0;0;1;40;25;0;0;0;0;0;1;41;27;0;0;0;1;36;22;0;0;0;1;32;18;0;0;0;0;1;43;33;0;0;0;0;1;38;34;0;0;0;1;46;36;0;0;0;0;1;42;25;0;0;0;1;42;34;0;0;0;1;29;27;0;0;0;1;39;26;0;0;0;1;49;33;0;0;0;0;0;1;37;22;0;0;0;1;43;32;0;0;0;0;0;1;45;35;0;0;0;0;1;46;33;0;0;0;1;36;23;0;0;0;1;42;31;0;0;0;0;1;43;26;0;0;0;1;36;21;0;0;0;1;39;26;0;0;0;1;39;24;0;0;0;0;1;38;29;0;0;0;1;43;37;0;0;0;1;41;29;0;0;0;1;39;22;0;0;0;1;40;24;0;0;0;1;29;24;0;0;0;1;47;41;0;0;0;1;49;26;0;0;0;0;1;45;33;0;0;0;0;0;1;41;35;0;0;0;1;40;27;0;0;0;1;35;31;0;0;0;0;1;50;33;0;0;0;1;36;23;0;0;0;1;44;31;0;0;0;1;47;35;0;0;0;1;37;29;0;0;0;1;40;23;0;0;0;1;47;38;0;0;0;1;37;19;0;0;0;1;42;25;0;0;0;1;43;23;0;0;0;0;0;1;36;26;0;0;0;0;1;33;33;0;0;0;0;1;40;28;0;0;0;1;52;35;0;0;0;0;1;41;29;0;0;0;1;32;26;0;0;0;1;40;39;0;0;0;1;43;41;0;0;0;0;1;49;32;0;0;0;1;32;24;0;0;0;1;38;30;0;0;0;1;52;36;0;0;0;0;1;44;31;0;0;0;0;1;35;18;0;0;0;0;1;37;28;0;0;0;1;35;23;0;0;0;1;36;36;0;0;0;0;1;47;39;0;0;0;0;1;30;17;0;0;0;1;33;25;0;0;0;0;1;41;21;0;0;0;1;38;35;0;0;0;1;46;32;0;0;0;1;44;29;0;0;0;1;39;36;0;0;0;0;1;37;29;0;0;0
19;1;39;32;0;0;0;1;39;27;0;0;0;1;0;29;0;0;0;1;34;34;0;0;0;0;48;38;0;0;0;1;46;34;0;0;0;0;0;0;49;40;0;0;0;1;40;36;0;0;0;0;43;35;0;0;0;1;49;36;0;0;0;1;38;27;0;0;0;1;49;38;0;0;0;1;38;35;0;0;0;0;42;28;0;0;0;1;36;33;0;0;0;1;40;34;0;0;0;0;47;33;0;0;0;0;1;38;40;0;0;0;0;0;1;48;26;0;0;0;0;43;26;0;0;0;1;47;28;0;0;0;0;44;38;0;0;0;0;44;26;0;0;0;1;49;35;0;0;0;0;40;27;0;0;0;0;0;1;41;30;0;0;0;1;36;24;0;0;0;1;33;21;0;0;0;94;0;44;37;0;0;0;0;0;38;37;0;0;0;1;46;36;0;0;0;0;1;42;29;0;0;0;1;42;36;0;0;0;1;30;29;0;0;0;1;39;28;0;0;0;0;49;34;0;0;0;0;0;0;38;28;0;0;0;0;43;36;0;0;0;0;0;1;45;37;0;0;0;0;1;46;36;0;0;0;0;37;27;0;0;0;1;43;36;0;0;0;0;0;43;29;0;0;0;0;37;25;0;0;0;1;39;26;0;0;0;1;40;33;0;0;0;0;1;39;31;0;0;0;1;43;38;0;0;0;0;41;31;0;0;0;1;40;27;0;0;0;1;41;24;0;0;0;1;31;28;0;0;0;1;49;41;0;0;0;1;50;27;0;0;0;0;1;46;37;0;0;0;0;0;1;42;40;0;0;0;0;41;30;0;0;0;1;36;37;0;0;0;0;1;50;38;0;0;0;1;36;24;0;0;0;1;45;32;0;0;0;1;48;39;0;0;0;0;38;32;0;0;0;1;40;29;0;0;0;1;48;40;0;0;0;0;38;20;0;0;0;1;43;26;0;0;0;1;43;28;0;0;0;0;0;1;37;27;0;0;0;0;0;35;34;0;0;0;0;1;40;30;0;0;0;0;52;38;0;0;0;0;1;41;31;0;0;0;1;33;30;0;0;0;1;43;43;0;0;0;1;43;43;0;0;0;0;0;49;34;0;0;0;0;32;26;0;0;0;1;38;32;0;0;0;1;52;40;0;0;0;0;1;45;33;0;0;0;0;1;35;27;0;0;0;0;1;37;30;0;0;0;1;36;25;0;0;0;1;37;40;0;0;0;0;0;48;43;0;0;0;0;0;30;18;0;0;0;1;35;27;0;0;0;0;0;44;22;0;0;0;1;39;36;0;0;0;0;47;38;0;0;0;1;44;34;0;0;0;1;41;39;0;0;0;0;1;37;30;0;0;0
20;1;40;32;0;0;0;1;46;27;0;0;0;1;25;29;0;0;0;1;45;34;0;0;0;0;55;38;0;0;0;1;52;34;0;0;0;0;0;0;53;40;0;0;0;1;45;36;0;0;0;0;52;35;0;0;0;1;57;36;0;0;0;1;53;27;0;0;0;1;58;38;0;0;0;1;47;35;0;0;0;0;49;28;0;0;0;1;43;33;0;0;0;1;45;34;0;0;0;0;52;33;0;0;0;0;1;51;40;0;0;0;0;0;1;53;26;0;0;0;0;45;26;0;0;0;1;54;28;0;0;0;0;53;38;0;0;0;0;52;26;0;0;0;1;51;35;0;0;0;0;47;27;0;0;0;0;0;1;52;30;0;0;0;1;47;24;0;0;0;1;47;21;0;0;0;94;0;49;37;0;0;0;0;0;55;37;0;0;0;1;54;36;0;0;0;0;1;49;29;0;0;0;1;52;36;0;0;0;1;43;29;0;0;0;1;50;28;0;0;0;0;56;34;0;0;0;0;0;0;49;28;0;0;0;0;53;36;0;0;0;0;0;1;53;37;0;0;0;0;1;51;36;0;0;0;0;46;27;0;0;0;1;54;36;0;0;0;0;0;55;29;0;0;0;0;46;25;0;0;0;1;52;26;0;0;0;1;50;33;0;0;0;0;1;49;31;0;0;0;1;55;38;0;0;0;0;52;31;0;0;0;1;49;27;0;0;0;1;46;24;0;0;0;1;42;28;0;0;0;1;58;41;0;0;0;1;57;27;0;0;0;0;1;52;37;0;0;0;0;0;1;51;40;0;0;0;0;48;30;0;0;0;1;51;37;0;0;0;0;1;55;38;0;0;0;1;45;24;0;0;0;1;53;32;0;0;0;1;55;39;0;0;0;0;49;32;0;0;0;1;49;29;0;0;0;1;57;40;0;0;0;0;38;20;0;0;0;1;49;26;0;0;0;1;52;28;0;0;0;0;0;1;42;27;0;0;0;0;0;46;34;0;0;0;0;1;46;30;0;0;0;0;59;38;0;0;0;0;1;48;31;0;0;0;1;46;30;0;0;0;1;52;43;0;0;0;1;53;43;0;0;0;0;0;54;34;0;0;0;0;42;26;0;0;0;1;55;32;0;0;0;1;59;40;0;0;0;0;1;55;33;0;0;0;0;1;46;27;0;0;0;0;1;51;30;0;0;0;1;45;25;0;0;0;1;45;40;0;0;0;0;0;55;43;0;0;0;0;0;47;18;0;0;0;1;46;27;0;0;0;0;0;54;22;0;0;0;1;51;36;0;0;0;0;55;38;0;0;0;1;56;34;0;0;0;1;48;39;0;0;0;0;1;48;30;0;0;0
21;1;53;32;0;0;0;1;48;27;0;0;0;1;36;29;0;0;0;1;50;34;0;0;0;0;60;38;0;0;0;1;58;34;0;0;0;0;0;0;57;40;0;0;0;1;57;36;0;0;0;0;53;35;0;0;0;1;57;36;0;0;0;1;57;27;0;0;0;1;58;38;0;0;0;1;47;35;0;0;0;0;53;28;0;0;0;1;43;33;0;0;0;1;50;34;0;0;0;0;60;33;0;0;0;0;1;51;40;0;0;0;0;0;1;57;26;0;0;0;0;61;26;0;0;0;1;54;28;0;0;0;0;53;38;0;0;0;0;52;26;0;0;0;1;51;35;0;0;0;0;52;27;0;0;0;0;0;1;52;30;0;0;0;1;47;24;0;0;0;1;52;21;0;0;0;94;0;54;37;0;0;0;0;0;56;37;0;0;0;1;55;36;0;0;0;0;1;50;29;0;0;0;1;55;36;0;0;0;1;50;29;0;0;0;1;55;28;0;0;0;0;60;34;0;0;0;0;0;0;49;28;0;0;0;0;54;36;0;0;0;0;0;1;58;37;0;0;0;0;1;51;36;0;0;0;0;47;27;0;0;0;1;55;36;0;0;0;0;0;58;29;0;0;0;0;46;25;0;0;0;1;55;26;0;0;0;1;53;33;0;0;0;0;1;49;31;0;0;0;1;58;38;0;0;0;0;54;31;0;0;0;1;53;27;0;0;0;1;51;24;0;0;0;1;42;28;0;0;0;1;58;41;0;0;0;1;58;27;0;0;0;0;1;57;37;0;0;0;0;0;1;54;40;0;0;0;0;52;30;0;0;0;1;53;37;0;0;0;0;1;55;38;0;0;0;1;49;24;0;0;0;1;53;32;0;0;0;1;57;39;0;0;0;0;52;32;0;0;0;1;53;29;0;0;0;1;58;40;0;0;0;0;55;20;0;0;0;1;57;26;0;0;0;1;54;28;0;0;0;0;0;1;50;27;0;0;0;0;0;49;34;0;0;0;0;1;54;30;0;0;0;0;59;38;0;0;0;0;1;51;31;0;0;0;1;46;30;0;0;0;1;54;43;0;0;0;1;54;43;0;0;0;0;0;55;34;0;0;0;0;43;26;0;0;0;1;61;32;0;0;0;1;61;40;0;0;0;0;1;57;33;0;0;0;0;1;46;27;0;0;0;0;1;58;30;0;0;0;1;45;25;0;0;0;1;53;40;0;0;0;0;0;59;43;0;0;0;0;0;48;18;0;0;0;1;46;27;0;0;0;0;0;56;22;0;0;0;1;53;36;0;0;0;0;56;38;0;0;0;1;57;34;0;0;0;1;53;39;0;0;0;0;1;49;30;0;0;0
22;1;54;0;0;0;0;1;49;0;0;0;0;1;40;0;0;0;0;1;58;0;0;0;0;1;62;0;0;0;0;1;62;0;0;0;0;0;0;1;59;0;0;0;0;1;61;0;0;0;0;1;59;0;0;0;0;1;60;0;0;0;0;1;57;0;0;0;0;1;63;0;0;0;0;1;47;0;0;0;0;1;54;0;0;0;0;1;52;0;0;0;0;1;55;0;0;0;0;1;65;0;0;0;0;0;1;59;0;0;0;0;0;0;1;61;0;0;0;0;1;62;0;0;0;0;1;62;0;0;0;0;1;53;0;0;0;0;1;57;0;0;0;0;1;51;0;0;0;0;1;59;0;0;0;0;0;0;1;52;0;0;0;0;1;58;0;0;0;0;1;59;0;0;0;0;94;1;59;0;0;0;0;0;1;61;0;0;0;0;1;61;0;0;0;0;0;1;62;0;0;0;0;1;57;0;0;0;0;1;57;0;0;0;0;1;58;0;0;0;0;1;64;0;0;0;0;0;0;1;57;0;0;0;0;1;54;0;0;0;0;0;0;1;62;0;0;0;0;0;1;56;0;0;0;0;1;47;0;0;0;0;1;55;0;0;0;0;0;1;61;0;0;0;0;1;53;0;0;0;0;1;58;0;0;0;0;1;53;0;0;0;0;0;1;49;0;0;0;0;1;61;0;0;0;0;1;54;0;0;0;0;1;53;0;0;0;0;1;55;0;0;0;0;1;50;0;0;0;0;1;59;0;0;0;0;1;62;0;0;0;0;0;1;58;0;0;0;0;0;0;1;57;0;0;0;0;1;52;0;0;0;0;1;58;0;0;0;0;0;1;58;0;0;0;0;1;50;0;0;0;0;1;63;0;0;0;0;1;60;0;0;0;0;1;54;0;0;0;0;1;53;0;0;0;0;1;60;0;0;0;0;1;58;0;0;0;0;1;58;0;0;0;0;1;58;0;0;0;0;0;0;1;50;0;0;0;0;0;1;54;0;0;0;0;0;1;58;0;0;0;0;1;62;0;0;0;0;0;1;57;0;0;0;0;1;46;0;0;0;0;1;57;0;0;0;0;1;56;0;0;0;0;0;1;55;0;0;0;0;1;43;0;0;0;0;1;65;0;0;0;0;1;64;0;0;0;0;0;1;60;0;0;0;0;0;1;49;0;0;0;0;0;1;58;0;0;0;0;1;58;0;0;0;0;1;58;0;0;0;0;0;1;59;0;0;0;0;0;1;55;0;0;0;0;1;46;0;0;0;0;0;1;56;0;0;0;0;1;53;0;0;0;0;1;61;0;0;0;0;1;61;0;0;0;0;1;53;0;0;0;0;0;1;56;0;0;0;0
23;1;7;0;0;0;0;1;0;0;0;0;0;1;6;0;0;0;0;1;1;0;0;0;0;1;1;0;0;0;0;1;0;0;0;0;0;0;0;1;0;0;0;0;0;1;1;0;0;0;0;1;2;0;0;0;0;1;2;0;0;0;0;1;6;0;0;0;0;1;0;0;0;0;0;1;9;0;0;0;0;1;8;0;0;0;0;1;0;0;0;0;0;1;1;0;0;0;0;1;0;0;0;0;0;0;1;0;0;0;0;0;0;0;1;0;0;0;0;0;1;3;0;0;0;0;1;2;0;0;0;0;1;1;0;0;0;0;1;1;0;0;0;0;1;0;0;0;0;0;1;0;0;0;0;0;0;0;1;0;0;0;0;0;1;1;0;0;0;0;1;2;0;0;0;0;0;1;2;0;0;0;0;0;1;1;0;0;0;0;1;0;0;0;0;0;0;1;0;0;0;0;0;1;3;0;0;0;0;1;1;0;0;0;0;1;2;0;0;0;0;1;0;0;0;0;0;0;0;1;2;0;0;0;0;1;0;0;0;0;0;0;0;1;0;0;0;0;0;0;1;0;0;0;0;0;1;13;0;0;0;0;1;4;0;0;0;0;0;1;1;0;0;0;0;1;0;0;0;0;0;1;1;0;0;0;0;1;3;0;0;0;0;0;1;6;0;0;0;0;1;2;0;0;0;0;1;9;0;0;0;0;1;0;0;0;0;0;1;0;0;0;0;0;1;0;0;0;0;0;1;1;0;0;0;0;1;1;0;0;0;0;0;1;5;0;0;0;0;0;0;1;0;0;0;0;0;1;5;0;0;0;0;1;1;0;0;0;0;0;1;4;0;0;0;0;1;9;0;0;0;0;1;0;0;0;0;0;1;1;0;0;0;0;1;0;0;0;0;0;1;6;0;0;0;0;1;1;0;0;0;0;1;2;0;0;0;0;1;8;0;0;0;0;1;0;0;0;0;0;0;0;1;5;0;0;0;0;0;1;0;0;0;0;0;0;1;1;0;0;0;0;1;0;0;0;0;0;0;1;0;0;0;0;0;1;7;0;0;0;0;1;2;0;0;0;0;1;3;0;0;0;0;0;1;5;0;0;0;0;1;0;0;0;0;0;1;1;0;0;0;0;1;1;0;0;0;0;0;1;4;0;0;0;0;0;1;0;0;0;0;0;0;1;4;0;0;0;0;1;3;0;0;0;0;1;0;0;0;0;0;0;1;2;0;0;0;0;0;1;1;0;0;0;0;1;7;0;0;0;0;0;1;0;0;0;0;0;1;8;0;0;0;0;1;0;0;0;0;0;1;0;0;0;0;0;1;1;0;0;0;0;0;1;2;0;0;0;0
